<?xml version="1.0" encoding="UTF-8"?>
<thunms>
	<base>
		<platform id="tasks" name="任务资源管理" orderNumber="100" validate="true">
			<userId></userId>
			<departmentId></departmentId>
			<areaId></areaId>
			<roleId>tasksManager</roleId>
			<unUserId></unUserId>
			<unDepartmentId></unDepartmentId>
			<unAreaId></unAreaId>
			<unRoleId></unRoleId>
		</platform>
		<system id="jobjars" name="任务资源管理" orderNumber="800" validate="false" >
			<userId></userId>
			<departmentId></departmentId>
			<areaId></areaId>
			<roleId></roleId>
			<unUserId></unUserId>
			<unDepartmentId></unDepartmentId>
			<unAreaId></unAreaId>
			<unRoleId></unRoleId>
		</system>
	</base>
	<modules>
		<module id="taskJobjar" name="任务资源维护" orderNumber="100" validate="false">
			<menus>
				<menu id="" name="" orderNumber="100" validate="false">
					<userId></userId>
					<departmentId></departmentId>
					<areaId></areaId>
					<roleId></roleId>
					<unUserId></unUserId>
					<unDepartmentId></unDepartmentId>
					<unAreaId></unAreaId>
					<unRoleId></unRoleId>
				</menu>
			</menus>
			<resourcess>
				<resourcess id="" name="">
					<userId></userId>
					<departmentId></departmentId>
					<areaId></areaId>
					<roleId></roleId>
					<unUserId></unUserId>
					<unDepartmentId></unDepartmentId>
					<unAreaId></unAreaId>
					<unRoleId></unRoleId>
				</resourcess>
			</resourcess>
			<enumerations>
			</enumerations>
			<roles>
				<role></role>
			</roles>
			<securitys>
				<security></security>
			</securitys>
		</module>
	</modules>
	<roles>
			<role id="tasksManager" name="任务资源管理管理员" menuId="tasks"  ></role>
			<role id="taskJobjar_work_all_admin" name="任务资源维护_全域工作任务管理员" menuId="tasks_jobjars"></role>
			<role id="taskJobjar_work_area_admin" name="任务资源维护_单位工作任务管理员" menuId="tasks_jobjars"></role>
			<role id="taskJobjar_work_dep_admin" name="任务资源维护_部门工作任务管理员" menuId="tasks_jobjars"></role>
		</roles>
</thunms>
